momentum,runtime,val_acc
0.0,133.7700572013855,0.5091
0.3,151.3645372390747,0.504
0.5,99.11416435241699,0.4994
0.7,91.44546031951904,0.5016
0.9,104.45083713531494,0.4978
