momentum,runtime,val_acc
0.0,377.30693912506104,0.7128
0.3,380.63157963752747,0.7188
0.5,380.07916808128357,0.7115
0.7,345.90562319755554,0.7099
0.9,284.439697265625,0.6797
