lr,val_acc,runtime
0.0001,0.4883,102.20597672462463
0.001,0.501,98.08546614646912
0.01,0.3087,93.7395281791687
0.1,0.1,98.05202436447144
