lr,val_acc,runtime
0.0001,0.4761,229.7170307636261
0.001,0.6982,184.12403845787048
0.01,0.6432,229.64907908439636
0.1,0.2736,201.31937956809998
