batch_size,runtime
32,211.18821048736572
64,203.0480091571808
128,223.04874205589294
256,217.29229617118835
