batch_size,runtime
32,391.35800337791443
64,190.14523267745972
128,107.91874933242798
256,113.08273482322693
